marca;codigo_revista;nome;categoria;preco;preco_promocional_ciclo;descricao;pagina_catalogo;tem_foto;revisar
Eudora;90112;CORRETIVO DAILY BRUMA TRAVEL TINT, 10 ml;Maquiagem;64,99;42,99;;3;não;
Eudora;90083;ECONOMIZE R$ 60,08 SÉRUM HIDRAMAKE DROPS, 30 ml;Cuidados com o rosto;89,99;71,90;;3;não;
Eudora;94054;EUDORA H ACQUA DESODORANTE COLÔNIA, 100 ml;Perfumaria;124,90;94,90;;4;sim;
Eudora;53979;DIVA ABSOLUTA DESODORANTE COLÔNIA, 100 ml;Perfumaria;149,90;119,90;;4;não;
Eudora;87328;CLUB 6 EXCLUSIVE DESODORANTE COLÔNIA, 95 ml;Perfumaria;154,90;124,90;;4;não;
Eudora;85268;EUDORA ROSÉ EAU DE PARFUM, 75 ml;Perfumaria;244,90;189,90;;4;não;
Eudora;96617;EUDORA SIÀGE ÓLEO Compre qualquer CAPILAR ULTRA item da linha Ultra BOND RESET, 60 ml Bond Reset e ganhe;Cabelos;75,90;;;5;não;sim
Eudora;95383;EUDORA SIÀGE HAIR MIST, 60 ml;Outros;69,90;62,90;;6;não;
Eudora;89648;KIT MINIPINCÉIS POCKET SECRETS 1 135 x 26 x133 mm;Kits e presentes;105,90;79,90;;7;sim;
Eudora;96202;02;Outros;144,99;119,90;;7;não;sim
Eudora;96201;01 02;Outros;144,99;119,90;;7;não;sim
Eudora;87302;ESPONJA PINK BLEND DIMENSÕES: 6,,5 cm;Acessórios;39,90;;;9;sim;
Eudora;93700;BRUMA, 110 ml;Corpo e banho;74,99;;;9;sim;
Eudora;55731;COR 1 PÓ SOLTO PERFECT TECNOLOGIA MATCH, 12 g;Maquiagem;72,99;;;11;sim;
Eudora;55732;R$ 72,99;Outros;54,90;;;11;sim;sim
Eudora;56676;ESPONJA PINK PUFF 6,,cm;Acessórios;22,99;18,90;;11;sim;
Eudora;54506;PRIMER HIDRA GLOW, 15 ml;Maquiagem;82,99;;;11;não;
Eudora;93286;COR 70 BASE LÍQUIDA HIDRA GLOW, 30 ml PRIMER HIDRA GLOW, 15 ml;Maquiagem;82,99;;;11;não;
Eudora;89645;NiiNA CHARM PINK SECRETS (15 x 18 cm);Outros;68,90;;;12;não;
Eudora;87307;NÉCESSAIRE PINK PUFFER 2 24 x 14 x 12,5 cm;Acessórios;174,90;;;12;sim;
Eudora;90300;NiiNA CLUTCH GOLD SECRETS 11 x 5,,5 cm;Outros;95,90;;;12;não;
Eudora;89085;COR 2 LABIAL 12 g;Outros;37,99;;;13;sim;
Eudora;89180;PINCEL RETRÁTIL MULTIFUNCIONAL, 18,5 cm;Acessórios;79,90;;;13;sim;
Eudora;54600;BATOM CREMOSO LOVE YOU, 3 g;Maquiagem;109,99;59,90;;13;sim;
Eudora;54612;ROSA CENTIFOLIA LIP OIL SHINE FLOWERS, 7;Maquiagem;54,99;39,90;;14;sim;
Eudora;90104;LÁBIOS SOFT SECRETA PETALS, 1,1 g;Outros;48,99;;;14;sim;
Eudora;90108;ILUMINADOR FACIAL SOFT PETALS, 3 g;Maquiagem;74,99;;;14;sim;
Eudora;90103;PÉTALA LAPISEIRA PARA CONTORNO DOS ROSA CENTIFOLIA LIP OIL SHINE FLOWERS, 7;Maquiagem;54,99;39,90;;14;não;
Eudora;85402;LÍRIO SUCESSO DE VENDAS!* ORQUÍDEA MARROM GLOSS 7 ml;Maquiagem;59,99;;;15;sim;
Eudora;54004;ORQUÍDEA MARROM GLOSS 7 ml;Maquiagem;59,99;;;15;sim;
Eudora;52581;CARAMELO HIDRA BALM, 3,2 g CADA;Outros;42,99;;;15;sim;sim
Eudora;85404;MALVA CAMÉLIA MARROM LÍRIO;Outros;59,99;;;15;sim;
Eudora;54515;ESCURA SOBRANCELHA EM 1, 1,1 g;Maquiagem;69,99;;;16;sim;
Eudora;54511;DELINEADOR LÍQUIDO CRYSTAL BRILHO ROSÉ GOLD, 3 g;Maquiagem;67,99;49,90;;16;sim;
Eudora;93701;MÁSCARA PARA CÍLIOS SUPER UP, 8 g;Maquiagem;65,99;;;16;não;
Eudora;54516;C MÁSCARA PARA E CÍLIOS SUPER S BOLD, 10 g A;Maquiagem;72,99;64,90;;16;não;
Eudora;94163;PALETTE PETALS, 12 g − Acabamentos;Maquiagem;159,99;;;17;sim;
Eudora;54512;PALETTE GREEN, 5,6 g;Maquiagem;144,99;;;17;sim;
Eudora;87308;KIT DE PINCÉIS PARA OLHOS, 4 unidades;Kits e presentes;69,99;;;17;não;
Eudora;85399;PALETTE NEUTRALS, 5,6 g;Maquiagem;139,99;;;17;sim;
Eudora;87309;PORTA-PINCEL PINK*, 20 x 8 cm;Acessórios;62,99;;;18;não;sim
Eudora;57781;PINCEL BASE DUO FIBER, 16,2 cm;Maquiagem;78,99;;;18;sim;
Eudora;56674;PINCEL PÓ, 18,5 cm;Acessórios;78,99;;;18;sim;
Eudora;56670;PINCEL ILUMINADOR, 16,8 cm;Maquiagem;69,99;;;18;não;
Eudora;56672;PINCEL BLUSH, 17,7 cm;Maquiagem;72,99;;;18;não;
Eudora;56671;PINCEL CONTORNO, 16,7 cm;Maquiagem;69,99;;;18;não;
Eudora;56675;PINCEL MULTIFUNCIONAL, 16,8 cm;Acessórios;72,99;;;18;sim;
Eudora;01062;NiiNA SECRETS;Outros;179,90;;;19;não;
Eudora;01073;NiiNA SECRETS;Outros;54,99;;;19;não;
Eudora;52344;BLOOM;Outros;54,99;41,90;;19;não;sim
Eudora;56163;MALETA DE MAQUIAGEM NiiNA SECRETS 3 , 22,6 x 16,5 x 16,3 cm;Outros;269,99;;;19;não;sim
Eudora;52318;NiiNA BLOOM DESODORANTE COLÔNIA, 100 ml;Perfumaria;179,90;139,90;;19;não;
Eudora;59526;NiiNA CELEBRATE BLOOM;Outros;179,90;139,90;;19;não;
Eudora;93729;TOALHA COM CAPUZ, 80 x 80 cm;Outros;114,90;;;20;sim;
Eudora;94881;BODY SPLASH DESODORANTE COLÔNIA PARA A MAMÃE, 60 ml;Perfumaria;57,90;;;20;não;
Eudora;94879;ÁGUA DE COLÔNIA BABY, 75 ml;Perfumaria;125,90;;;20;não;
Eudora;94886;ESPUMA DE BANHO BABY, 150 ml;Outros;58,90;;;20;sim;
Eudora;85915;GEL DE LIMPEZA, 100 g;Corpo e banho;57,99;44,90;;21;não;
Eudora;59696;DE 150 ml;Outros;69,99;15,09;;22;não;sim
Eudora;07379;CLEANSING OIL, 110 ml;Outros;79,99;;;22;sim;
Eudora;56765;BEAUTY CLIPS NiiNA SECRETS (8,,56 cm);Outros;67,99;;;22;sim;
Eudora;85845;GEL DE LIMPEZA FACIAL, 300 g;Cuidados com o rosto;84,99;;;22;sim;
Eudora;89800;MICELAR MILK E FACIAL, 250 ml S;Cuidados com o rosto;53,99;;;22;não;
Eudora;55438;TÔNICO RENOVADOR ANTIOXIDANTE VITAMINA C, 110 ml;Outros;69,99;;;22;sim;
Eudora;92859;CREME OVERNIGHT RENOVADOR, 50 g;Corpo e banho;74,99;59,90;;23;não;
Eudora;55437;SÉRUM VITAMINA C ANTIOXIDANTE, 30 ml;Cuidados com o rosto;124,99;;;23;sim;
Eudora;51349;MÁSCARA NOTURNA LIP REPAIR, 9 g;Maquiagem;52,99;;;23;não;
Eudora;86804;CREME SORBET FACIAL FIRMADOR, 80 g;Cuidados com o rosto;82,99;;;23;não;
Eudora;55481;SÉRUM FACIAL PRÓ COLÁGENO, 30 ml;Cuidados com o rosto;124,90;;;23;sim;
Eudora;56679;MASSAGEADOR FACIAL FACE SHAPE, 6,,cm;Cuidados com o rosto;129,99;;;23;sim;
Eudora;59189;REFIL, 30 ml;Perfumaria;69,99;59,90;;24;não;
Eudora;07395;SÉRUM MULTIPROTETOR FPS 50 12 EM 1, 30 ml;Cuidados com o rosto;124,90;;;24;sim;
Eudora;52864;PROTETOR SOLAR FACIAL ANTIOLEOSIDADE FPS 70, 40 ml;Cuidados com o rosto;82,99;64,90;;24;sim;
Eudora;85218;COMBO HIDRAGEL − 1 hidragel, 30 ml − 1 refil, 30 ml;Perfumaria;169,98;109,90;;24;não;
Eudora;97847;COMBO OVERNIGHT − 1 sérum hidramake drops, 30 ml − 1 creme overnight renovador, 50 g;Cuidados com o rosto;164,98;124,90;;24;não;
Eudora;07394;HIDRAGEL, 30 ml;Outros;99,99;;;24;não;
Eudora;51348;HIDRATANTE MATIFICANTE ANTIOLEOSIDADE, 40 g;Corpo e banho;54,99;;;24;sim;
Eudora;52169;ESFOLIANTE FACIAL, 75 g;Cuidados com o rosto;59,99;;;25;sim;
Eudora;52247;MOUSSE DE LIMPEZA MICELAR, 150 ml;Corpo e banho;72,99;;;25;sim;
Eudora;52243;HIDRA MINERAL GEL HIDRATANTE FACIAL, 30 g;Cuidados com o rosto;107,99;;;25;sim;
Eudora;56526;PROTETOR SOLAR SEM COR FPS 50, 40 g;Protetor solar;84,99;;;26;sim;
Eudora;57073;SÉRUM UNIFORMIZADOR, 30 ml;Cuidados com o rosto;139,99;;;26;não;
Eudora;57072;CREME REDUTOR DE OLHEIRAS, 12 g;Corpo e banho;84,99;;;26;sim;
Eudora;57074;HIDRATANTE UNIFORMIZADOR, 50 g;Corpo e banho;76,99;;;26;sim;
Eudora;52168;GEL DE LIMPEZA FACIAL,* 150 g;Cuidados com o rosto;49,99;;;27;sim;
Eudora;55671;CREME HIDRATANTE FACIAL HIDRA MINERAL, 50 g;Cuidados com o rosto;76,99;;;27;sim;
Eudora;59706;HDRATANTE LABIAL HYALURONIC, 6 g;Outros;39,99;;;27;sim;
Eudora;59689;SÉRUM TENSOR DE RUGAS, 30 ml;Cuidados com o rosto;139,99;;;27;não;
Eudora;53919;SÉRUM ANTIOXIDANTE, 30 ml;Cuidados com o rosto;139,99;;;27;não;
Eudora;59681;CREME PARA OLHOS BIOCOLÁGENO, 15 g;Cuidados com o rosto;84,99;;;28;sim;
Eudora;59683;CREME DE CONTORNO FACIAL, 50 g;Maquiagem;76,99;;;28;sim;
Eudora;56527;PROTETOR SOLAR SEM COR FPS 70, 40 g;Protetor solar;89,99;;;28;sim;
Eudora;59682;SÉRUM BIOESTIMULADOR SÉRUM DE COLÁGENO, 30 ml HIALURÔNICO;Cuidados com o rosto;139,99;139,99;;28;não;
Eudora;54073;ÁCIDO 30 ml a a da pele SÉRUM BIOESTIMULADOR SÉRUM DE COLÁGENO, 30 ml HIALURÔNICO;Cuidados com o rosto;139,99;139,99;;28;não;sim
Eudora;52036;CREME REPARADOR PESCOÇO E COLO, 40 g;Corpo e banho;154,99;;;29;sim;
Eudora;55670;CREME HIDRATANTE FACIAL MULTIEFFECT 5 EM 1, 50 g;Cuidados com o rosto;76,99;;;29;sim;
Eudora;95888;LAPISEIRA MULTIFUNCIONAL ADAM, 0,3 g;Outros;39,99;;;31;não;
Eudora;95367;BATOM LÍQUIDO MATTE SUPREME ADAM, 4 ml;Maquiagem;61,99;;;31;não;
Eudora;95670;GLOSS LÍQUIDO ADAM, 5,2 ml;Maquiagem;36,99;64,99;;31;não;
Eudora;84882;MASCAVO IRRESISTÍVEL BATOM LÍQUIDO CLINICAL;Maquiagem;64,99;;;32;sim;
Eudora;84878;CANELA MAGENTA SUBLIME ENIGMÁTICO MASCAVO IRRESISTÍVEL BATOM LÍQUIDO CLINICAL;Maquiagem;64,99;;;32;sim;
Eudora;84880;DUO 3,5 g MASCAVO IRRESISTÍVEL BATOM LÍQUIDO CLINICAL;Maquiagem;64,99;;;32;sim;sim
Eudora;84879;ROSADO ESSENCIAL MESMA NOVA CANELA MAGENTA SUBLIME ENIGMÁTICO MASCAVO IRRESISTÍVEL BATOM LÍQUIDO CLINICAL;Maquiagem;64,99;;;32;sim;sim
Eudora;84881;ROSADO VERMELHO MAGNÍFICO FÓRMULA EMBALAGEM 1 em 1: Balm labial e batom matte ROSADO ESSENCIAL MESMA NOVA CANELA MAGENTA SUBLIME ENIGMÁTICO MASCAVO IRRESISTÍVEL BATOM LÍQUIDO CLINICAL;Maquiagem;64,99;;;32;sim;sim
Eudora;94213;BARE BROWN GLOSS TREAT HIALURÔNICO;Maquiagem;52,99;;;33;não;
Eudora;56770;PORTA-BATOM EUDORA;Maquiagem;49,99;;;33;sim;
Eudora;84908;ROSADO ENERGY TINT MOOD, 5,5 ml;Maquiagem;34,99;;;35;sim;
Eudora;84859;AVELÃ MESMA FÓRMULA NOVA EMBALAGEM 1 KISS ME BATOM HIDRATANTE, 3,7 g;Maquiagem;37,99;;;35;não;
Eudora;58334;PINK TURBINADO BATOM LÍQUIDO TURBO SEMI MATTE, 5,2;Maquiagem;39,99;;;35;sim;
Eudora;86524;MARROM DESFILE MESMA NOVA AVELÃ MESMA FÓRMULA NOVA EMBALAGEM 1 KISS ME BATOM HIDRATANTE, 3,7 g;Maquiagem;37,99;;;35;sim;sim
Eudora;56648;EUDORA GLAM ESTOJO;Kits e presentes;115,99;;;37;não;
Eudora;87404;MÁSCARA PARA SOBRANCELHAS À PROVA D'ÁGUA, 4 g;Maquiagem;62,99;;;38;não;
Eudora;87434;DELINEADOR À PROVA D'ÁGUA PRETO, 3 ml;Maquiagem;54,99;;;38;não;
Eudora;57023;ESCURO RETRÁTIL PARA 0,35 g;Outros;62,99;;;38;sim;
Eudora;84928;MARROM MESMA FÓRMULA NOVA EMBALAGEM 1 LÁPIS RETRÁTIL TURBO, 3,5 g;Maquiagem;39,99;;;38;sim;
Eudora;90663;ESCURO MESMA FÓRMULA NOVA EMBALAGEM 1 LÁPIS PARA SOBRANCELHAS, 1,1 g;Maquiagem;39,99;;;38;sim;
Eudora;85823;LÁPIS MULTIFUNCIONAL 3-1 CHERRY VERMELHO, 1,2 g;Maquiagem;32,99;;;38;sim;
Eudora;89980;TURBO PALLETTE DE SOMBRAS, 8 g;Outros;55,99;;;39;não;
Eudora;55800;PALETE DE SOMBRAS METALS, 5,8 g;Outros;104,99;;;39;não;
Eudora;56678;GLAM KIT DE PINCÉIS;Kits e presentes;79,99;;;39;sim;
Eudora;81130;EUDORA KIT DE PINCÉIS OLHOS;Kits e presentes;62,99;;;39;sim;
Eudora;55799;PALETTE SOMBRAS TURBO, 8 g;Maquiagem;57,99;;;39;sim;
Eudora;89977;MÁSCARA PARA CÍLIOS − 13x mais volume TURBO DIMENSION, 10 g;Maquiagem;54,99;;;40;não;
Eudora;84946;MÁSCARA PARA CÍLIOS − Mais alongamento TURBO 7 EM 1, 10 g e curvatura;Maquiagem;54,99;;;40;não;sim
Eudora;86538;"− Alongamento; MÁSCARA PARA CÍLIOS − Definição. TURBO VOLUMAÇO, 10 g";Maquiagem;44,99;;;40;não;
Eudora;70883;CANETA DELINEADORA PRETA, 1,2 ml;Outros;72,99;;;40;sim;
Eudora;84915;DELINEADOR LÍQUIDO TURBO ESSENCIAL PRETO 1 , 2,5 ml;Maquiagem;42,99;;;40;não;
Eudora;70877;MARROM INTENSO LÁPIS KAJAL COM ESFUMADOR, 1,1 g;Maquiagem;64,99;;;40;sim;
Eudora;70878;PRETO ABSOLUTO DELINEADOR LÍQUIDO TURBO ESSENCIAL PRETO 1 , 2,5 ml;Maquiagem;42,99;;;40;não;
Eudora;92312;SKIN PERFECTION PRIMER MATTE, 35 ml;Maquiagem;87,99;;;41;não;
Eudora;84964;SKIN CONTROL BASE COR 185 F LÍQUIDA, 25 ml;Maquiagem;77,99;;;41;sim;
Eudora;55801;BLUSH BRONZER COMPACTO GRADIENT METALS, 7 g;Maquiagem;97,99;;;41;sim;
Eudora;81132;KIT DE PINCÉIS GOLD SHINE;Kits e presentes;89,99;;;41;sim;
Eudora;84963;COR 170 Q MESMA FÓRMULA NOVA EMBALAGEM 1 SKIN CONTROL BASE KIT DE PINCÉIS GOLD SHINE;Kits e presentes;89,99;;;41;sim;
Eudora;89061;COR 325 F SKIN PERFECTION PRIMER MATTE, 35 ml;Maquiagem;87,99;;;41;sim;
Eudora;59925;PAETÊ SHINE ILUMINADOR COMPACTO, 5 g;Maquiagem;79,99;;;43;sim;
Eudora;89635;KIT MINIESPONJA BLEND PERFECTION DIMENSÕES: ,5 cm;Kits e presentes;34,90;;;43;sim;
Eudora;80835;ESPONJA MAKE BLEND DIMENSÕES: ,5 cm;Acessórios;39,90;32,90;;43;não;
Eudora;55890;contornada e definida 1 COR 25 em 30 dias − Reduz rugas e linhas finas 2 ESPONJA MAKE BLEND DIMENSÕES: ,5 cm;Acessórios;39,90;32,90;;43;não;sim
Eudora;52579;EUDORA SKIN PROTECT PÓ COMPACTO, 10 g;Maquiagem;69,99;;;44;não;
Eudora;51452;ESPONJA DIAMANTE DIMENSÕES: ,5 cm;Acessórios;39,99;;;44;sim;
Eudora;55882;EUDORA GLAM PRIMER LÍQUIDO METALS, 32 ml;Maquiagem;92,99;;;44;sim;
Eudora;55879;BROWN UNITÁRIO, 5 g;Outros;74,99;;;44;sim;
Eudora;52403;PEACH BELLINI BROWN UNITÁRIO, 5 g;Outros;74,99;;;44;sim;
Eudora;52404;ROSÉ SANGRIA PEACH BELLINI BROWN UNITÁRIO, 5 g;Outros;74,99;;;44;não;
Eudora;89681;PROTEÍNA CAPILAR, 80 g;Cabelos;79,99;71,90;;46;não;
Eudora;89679;CONDICIONADOR, 200 ml;Cabelos;52,99;46,90;;46;não;
Eudora;89678;SHAMPOO, 250 ml;Cabelos;49,99;44,90;;46;não;
Eudora;89680;MÁSCARA REGENERADORA, 250 g;Maquiagem;74,99;65,90;;46;não;
Eudora;58122;ÓLEO EM CREME, 100 ml;Corpo e banho;69,99;59,90;;48;não;
Eudora;58121;MÁSCARA CONCENTRADA, 250 g;Maquiagem;74,99;62,90;;48;não;
Eudora;58119;SHAMPOO, 250 ml;Cabelos;49,99;;;48;não;
Eudora;58120;CONDICIONADOR, 200 ml;Cabelos;52,99;;;48;não;
Eudora;89149;R$ 102,98;Outros;83,90;;;48;não;sim
Eudora;90297;MÁSCARA CAPILAR, 250 g;Maquiagem;74,99;;;49;não;
Eudora;89641;NÉCESSAIRE ROSÉ, 24 x 7,5 x 12 cm;Acessórios;69,90;55,90;;49;sim;sim
Eudora;53438;LEAVE-IN, 100 ml;Cabelos;55,99;;;49;não;
Eudora;55675;REFIL MÁSCARA CAPILAR, 250 g;Maquiagem;59,99;;;49;sim;
Eudora;84687;MÁSCARA CAPILAR MINIATURA, 50 g;Maquiagem;49,99;;;49;sim;
Eudora;86875;ÓLEO CAPILAR NUTRITIVO, 60 ml;Cabelos;84,99;;;50;não;
Eudora;48318;REFIL SHAMPOO, 400 ml;Perfumaria;55,99;;;50;sim;
Eudora;47400;SHAMPOO, 400 ml;Cabelos;69,99;;;50;sim;
Eudora;53435;SHAMPOO, 250 ml;Cabelos;49,99;;;50;não;
Eudora;53436;CONDICIONADOR, 200 ml;Cabelos;52,99;;;50;sim;
Eudora;47401;CONDICIONADOR, 400 ml;Cabelos;74,99;;;50;sim;
Eudora;48319;REFIL CONDICIONADOR, 400 ml;Perfumaria;59,99;;;50;não;
Eudora;53754;FRASQUEIRA SIÀGE DIMENSÕES: 22 17 CM;Outros;79,99;;;51;não;
Eudora;47176;CONDICIONADOR, 200 ml;Cabelos;52,99;;;51;não;
Eudora;47175;SHAMPOO, 250 ml;Cabelos;49,99;;;51;não;
Eudora;47177;MÁSCARA ULTRA- BRILHO, 250 g;Maquiagem;74,99;;;51;não;
Eudora;47178;LEAVE-IN BALM DISCIPLINANTE, 100 ml;Cabelos;55,99;;;51;não;
Eudora;88303;SHAMPOO, 250 ml;Cabelos;49,99;;;52;sim;
Eudora;88304;CONDICIONADOR, 200 ml;Cabelos;52,99;;;52;não;
Eudora;88918;BRUMA IMPERMEABILIZANTE, 100 ml;Corpo e banho;69,99;;;52;sim;
Eudora;94401;LUXURY OIL, 60 ml;Outros;82,99;;;52;sim;
Eudora;88917;MÁSCARA CAPILAR, 250 g;Maquiagem;74,99;;;52;não;
Eudora;87557;SHAMPOO, 250 ml;Cabelos;49,99;;;53;sim;
Eudora;87558;CONDICIONADOR, 200 ml;Cabelos;52,99;;;53;sim;
Eudora;87559;MÁSCARA CAPILAR, 250 g;Maquiagem;74,99;;;53;não;
Eudora;87950;SÉRUM PRO- VOLUME, 100 ml;Cuidados com o rosto;69,99;;;53;não;
Eudora;87560;MOUSSE CAPILAR VOLUMIZADOR, 150 ml;Cabelos;50,99;;;53;não;
Eudora;53521;MÁSCARA CAPILAR, 250 g;Maquiagem;74,99;;;54;não;
Eudora;85995;ÓLEO CAPILAR, 60 ml;Cabelos;84,99;;;54;não;
Eudora;53519;SHAMPOO, 250 ml;Cabelos;49,99;;;54;não;
Eudora;54360;SHAMPOO, 400 ml;Cabelos;69,99;;;54;não;
Eudora;54361;CONDICIONADOR, 400 ml;Cabelos;74,99;;;54;sim;
Eudora;54362;REFIL SHAMPOO, 400 ml;Perfumaria;55,99;;;54;não;
Eudora;54363;REFIL CONDICIONADOR, 400 ml;Perfumaria;59,99;;;54;não;
Eudora;53520;CONDICIONADOR, 200 ml;Cabelos;52,99;;;54;sim;
Eudora;55676;REFIL MÁSCARA CAPILAR, 250 g;Maquiagem;59,99;;;55;sim;
Eudora;07066;CONDICIONADOR, 200 ml;Cabelos;52,99;;;55;sim;
Eudora;19816;SHAMPOO, 250 ml;Cabelos;49,99;;;55;sim;
Eudora;47364;MÁSCARA CAPILAR, 250 g;Maquiagem;74,99;;;55;não;
Eudora;55957;SHAMPOO, 400 ml;Cabelos;69,99;;;55;sim;
Eudora;55958;CONDICIONADOR, 400 ml;Cabelos;74,99;;;55;não;
Eudora;07234;LEAVE-IN CONCENTRADO, 100 ml;Cabelos;55,99;;;55;não;
Eudora;55802;SHAMPOO, 250 ml;Cabelos;49,99;;;56;sim;
Eudora;55803;CONDICIONADOR, 200 ml;Cabelos;52,99;;;56;sim;
Eudora;57076;LEAVE-IN SPRAY, 100 ml;Cabelos;62,99;;;56;não;
Eudora;55805;ÁGUA LAMELAR ACIDIFICANTE, 150 ml;Outros;72,99;;;56;não;
Eudora;55804;MÁSCARA CAPILAR, 250 g;Maquiagem;74,99;;;56;não;
Eudora;01641;SHAMPOO, 250 ml;Cabelos;49,99;;;57;não;
Eudora;93047;CONDICIONADOR, 200 ml;Cabelos;52,99;;;57;sim;
Eudora;86893;KIT SIÀGE HAIR-PLASTIA;Kits e presentes;72,99;69,90;;57;não;
Eudora;01644;MÁSCARA CAPILAR HIALURÔNICA, 250 g;Maquiagem;74,99;62,90;;57;não;
Eudora;55674;REFIL MÁSCARA CAPILAR, 250 g;Maquiagem;59,99;;;57;sim;
Eudora;54095;BOOSTER PRO-AGING, 100 ml;Outros;55,99;39,90;;57;não;
Eudora;56789;COMBO HAIR-PLASTIA − 1 shampoo, 250 ml − 1 condicionador, 200 ml;Cabelos;102,98;83,90;;57;não;
Eudora;53505;CONDICIONADOR, 200 ml;Cabelos;52,99;;;58;sim;
Eudora;53504;SHAMPOO, 250 ml;Cabelos;49,99;;;58;sim;
Eudora;55677;REFIL MÁSCARA CAPILAR, 250 g;Maquiagem;59,99;;;58;sim;
Eudora;53503;LEAVE-IN SELANTE FINALIZADOR, 100 ml;Cabelos;52,99;;;58;não;
Eudora;53500;MÁSCARA CAPILAR, 250 g;Maquiagem;74,99;;;58;não;
Eudora;53506;MÁSCARA ANTIQUEBRA, 250 g;Maquiagem;74,99;;;59;não;
Eudora;53501;CONDICIONADOR, 200 ml;Cabelos;52,99;;;59;não;
Eudora;53502;SHAMPOO, 250 ml;Cabelos;49,99;;;59;não;
Eudora;53517;TÔNICO CAPILAR ESTIMULANTE, 65 ml;Cabelos;77,99;;;59;não;
Eudora;51746;SHAMPOO, 250 ml;Cabelos;49,99;;;60;sim;
Eudora;51745;SECADOR E CONDICIONADOR, 200 ml CHAPINHA;Cabelos;52,99;;;60;sim;
Eudora;51750;LEAVE-IN CAPILAR, 100 ml;Cabelos;55,99;;;60;sim;
Eudora;51749;MÁSCARA CAPILAR, 250 g;Maquiagem;74,99;;;60;não;
Eudora;30302;CONDICIONADOR, 200 ml;Cabelos;52,99;;;61;não;
Eudora;30203;MÁSCARA, 250 g;Maquiagem;74,99;;;61;não;
Eudora;30207;LEAVE-IN, 100 ml;Cabelos;52,99;;;61;não;
Eudora;30199;SHAMPOO, 250 ml;Cabelos;49,99;;;61;não;
Eudora;55488;SHAMPOO ANTIOLEOSIDADE, 250 ml;Cabelos;49,99;;;61;não;
Eudora;53428;SHAMPOO, 250 ml;Cabelos;49,99;;;61;não;
Eudora;53430;CONDICIONADOR, 200 ml;Cabelos;52,99;;;61;não;
Eudora;55669;REFIL MÁSCARA CAPILAR, 250 g;Maquiagem;59,99;;;61;não;
Eudora;53434;SÉRUM AUTOAQUECIMENTO, 60;Cuidados com o rosto;72,99;;;61;não;
Eudora;53433;MÁSCARA CAPILAR, 250 g;Maquiagem;74,99;;;61;não;
Eudora;55472;camadas do fio SHAMPOO, 300 ml;Cabelos;72,99;;;62;sim;
Eudora;55473;CONDICIONADOR, 280 ml;Cabelos;72,99;;;62;não;
Eudora;55475;SÉRUM CAPILAR, 48 ml;Cabelos;87,99;;;62;não;
Eudora;57491;MÁSCARA CAPILAR, 250 g;Maquiagem;92,99;;;62;não;
Eudora;55444;TÔNICO CAPILAR, 100 ml;Cabelos;94,99;;;62;não;
Eudora;55476;SHAMPOO, 300 ml;Cabelos;72,99;;;62;não;
Eudora;55474;CONDICIONADOR, 280 ml;Cabelos;72,99;;;62;não;
Eudora;58311;CREME PARA PENTEAR VOLUME, 300 ml;Corpo e banho;54,99;;;63;não;
Eudora;58307;SHAMPOO, 250 ml;Cabelos;49,99;;;63;sim;
Eudora;58308;CONDICIONADOR, 250 ml;Cabelos;52,99;;;63;não;
Eudora;58312;FINALIZADOR JELLY, 300 ml;Cabelos;64,99;;;63;sim;
Eudora;58310;CREME PARA PENTEAR DEFINIÇÃO, 300 ml;Corpo e banho;54,99;;;63;não;
Eudora;53355;MÁSCARA CAPILAR, 250 g;Maquiagem;74,99;49,99;;64;não;
Eudora;55764;− Máscara capilar, 250 g − Ampola capilar nutrição, 10 ml − Ampola capilar reconstrução, 10 ml;Maquiagem;139,90;;;64;sim;sim
Eudora;53094;SHAMPOO, 250 ml;Cabelos;49,99;;;64;sim;
Eudora;53095;CONDICIONADOR, 200 ml;Cabelos;52,99;;;64;sim;
Eudora;53096;LEAVE-IN CAPILAR, 100 ml;Cabelos;69,99;;;64;não;
Eudora;85756;RECONSTRUÇÃO;Outros;42,99;;;64;não;
Eudora;85755;NUTRIÇÃO RECONSTRUÇÃO;Outros;42,99;;;64;não;
Eudora;90924;PROMOPACK SIÀGE BARBA E CABELO MEN;Cabelos;69,99;;;65;sim;
Eudora;90923;SIÀGE SHAMPOO CABELO E BARBA MEN, 250 ml;Cabelos;41,99;;;65;sim;
Eudora;52214;POMADA MODELADORA, 90 g;Outros;52,99;;;65;não;
Eudora;57415;GEL CAPILAR ALTA FIXAÇÃO, 150 g;Cabelos;42,99;;;65;não;
Eudora;52216;PROMOPACK COMBATE À CASPA;Outros;65,99;;;65;não;
Eudora;52190;CONDICIONADOR HIDRATAÇÃO INTENSA MEN, 200 ml;Cabelos;43,99;36,90;;65;sim;
Eudora;52204;SHAMPOO LIMPEZA PURIFICANTE MEN, 250 ml;Cabelos;41,99;36,90;;65;sim;
Eudora;52208;TÔNICO CAPILAR, 100 ml;Cabelos;69,99;;;65;não;
Eudora;52213;SHAMPOO ESTIMULA O CRESCIMENTO MEN, 250 ml;Cabelos;41,99;;;65;sim;
Eudora;52212;SHAMPOO COMBATE À CASPA MEN, 250 ml;Cabelos;41,99;;;65;não;
Eudora;95172;COMBO SIÀGE MEN − 1 shampoo limpeza purificante, 250 ml − 1 condicionador hidratação intensa, 200 ml;Cabelos;85,98;68,90;;65;sim;sim
Eudora;59565;PROMOPACK CACHOS E CRESPOS;Outros;69,99;;;66;não;
Eudora;56296;CRESPOS;Outros;69,99;;;66;não;sim
Eudora;56298;ATIVADOR DE CACHOS, 100 ml;Outros;49,99;;;66;sim;
Eudora;56297;ÓLEO CAPILAR, 100 ml;Cabelos;59,99;;;66;sim;
Eudora;56293;SHAMPOO, 250 ml;Cabelos;41,99;;;66;sim;
Eudora;56294;CONDICIONADOR, 200 m;Cabelos;43,99;;;66;não;
Eudora;56295;CACHOS CRESPOS;Outros;69,99;;;66;não;
Eudora;53144;IMENSI DESODORANTE COLÔNIA, 100 ml;Perfumaria;159,90;134,90;;67;não;
Eudora;87290;INTENTION FOR MAN CLOSE DESODORANTE COLÔNIA, 100 ml;Perfumaria;159,90;124,90;;68;não;
Eudora;87340;PULSE BOOST DESODORANTE COLÔNIA, 100 ml;Perfumaria;94,99;79,90;;68;não;
Eudora;86751;CREME ACETINADO DESODORANTE HIDRATANTE CORPORAL ROSÉ, 250 g;Corpo e banho;119,99;99,90;;69;não;
Eudora;58633;EUDORA;Outros;47,99;;;69;sim;sim
Eudora;87807;EUDORA CREME ACETINADO DESODORANTE HIDRATANTE CORPORAL, 250 g;Corpo e banho;119,99;99,90;;69;sim;
Eudora;52746;REFIL, 200 g;Perfumaria;89,99;60,90;;69;sim;
Eudora;89715;ABSOLU EUDORA;Outros;47,99;;;69;sim;
Eudora;96397;CREME ACETINADO DESODORANTE HIDRATANTE CORPORAL ABSOLU, 200 g;Corpo e banho;119,99;;;70;sim;
Eudora;86749;ROUGE;Outros;119,99;99,90;;70;sim;sim
Eudora;86750;GOLDEN;Outros;119,99;;;70;sim;sim
Eudora;88687;NOIR GOLDEN;Outros;119,99;;;70;sim;
Eudora;88058;NÉCESSAIRE, 24 X 19 X 9,5 cm;Acessórios;23,99;;;71;sim;
Eudora;56458;DIVA ESPLÊNDIDA 3 UNIDADES POR:;Outros;143,97;95,98;;72;sim;
Eudora;89267;DIVA;Outros;57,99;;;72;sim;sim
Eudora;88748;KISS ME AGAIN DESODORANTE COLÔNIA, 50 ml;Perfumaria;109,99;;;73;não;
Eudora;80837;NÉCESSAIRE DOURADO 2, dimensões: 24,15 cm;Acessórios;84,99;;;73;não;
Eudora;80877;NÉCESSAIRE DOURADO 3, dimensões: 19 x 5,7 x 13,8 cm;Acessórios;74,99;;;73;não;sim
Eudora;80939;NÉCESSAIRE DOURADO 1, dimensões: 20,10 cm;Acessórios;57,99;;;73;não;
Eudora;50273;CABERNET;Outros;34,99;;;74;sim;
Eudora;50272;ROSA MARCANTE CABERNET;Outros;34,99;;;74;sim;
Eudora;90141;VELVET SOUL BODY SPRAY DESODORANTE, 100 ml;Perfumaria;47,99;;;75;sim;
Eudora;91009;VELVET SOUL LOÇÃO HIDRATANTE DESODORANTE COPORAL, 150 ml;Corpo e banho;47,99;;;75;sim;
Eudora;89767;VELVET SOUL INTENSE DESODORANTE COLÔNIA, 100 ml;Perfumaria;129,90;;;75;não;
Eudora;52745;VELVET SENSUAL CREME HIDRATANTE DESODORANTE CORPORAL AVELUDADO, 250 g;Corpo e banho;99,99;;;76;sim;
Eudora;49543;LA VICTORIE EAU DE PARFUM, 75 ml;Perfumaria;269,90;214,90;;77;não;
Eudora;58640;LA VICTORIE INTENSE BODY SPRAY DESODORANTE, 100 ml;Perfumaria;47,99;41,90;;77;sim;
Eudora;52748;LA VICTORIE INTENSE CREME ACETINADO DESODORANTE HIDRATANTE CORPORAL, 250 g;Corpo e banho;119,99;;;77;não;
Eudora;12967;LA VICTORIE CREME ACETINADO DESODORANTE HIDRATANTE CORPORAL, 250 g;Corpo e banho;119,99;;;77;sim;
Eudora;52747;REFIL, 200 g;Perfumaria;89,99;;;77;não;
Eudora;93548;LA VICTORIE INTENSE EAU DE PARFUM, 75 ml;Perfumaria;269,90;;;77;não;
Eudora;93220;MAGNIFIC Floral Chypre Floral 75 ml;Outros;144,90;;;78;sim;
Eudora;57476;MAGNIFIC BODY SPRAY DESODORANTE, 100 ml;Perfumaria;47,99;;;78;sim;
Eudora;93221;MAGNIFIC LOÇÃO DESODORANTE HIDRATANTE CORPORAL, 200 g;Corpo e banho;74,99;;;78;não;
Eudora;52943;MAGNIFIC ROUGE CAMÉLIA DESODORANTE Presentes na COLÔNIA, 75 ml;Perfumaria;144,90;;;78;sim;
Eudora;52542;AUDAZ Especiado Amadeirado MAGNIFIC Floral Chypre Floral 75 ml;Outros;144,90;;;78;sim;
Eudora;53142;IMENSI ALIVE DESODORANTE COLÔNIA, 100 ml;Perfumaria;159,90;;;79;não;
Eudora;53141;ALIVE;Outros;54,99;;;79;sim;sim
Eudora;53138;IMENSI INFINITE DESODORANTE COLÔNIA, 100 ml Floriental;Perfumaria;159,90;;;79;sim;
Eudora;58641;IMENSI BODY SPRAY DESODORANTE, 100 ml;Perfumaria;47,99;;;79;sim;
Eudora;53136;INFINITE ALIVE;Outros;54,99;;;79;sim;
Eudora;57902;BOLSA TOTE EUDORA 45 X 14 X 30 cm;Acessórios;129,99;;;80;sim;
Eudora;58639;LYRA BODY SPRAY DESODORANTE, 100 ml;Perfumaria;47,99;;;80;sim;
Eudora;92730;LOÇÃO DESODORANTE HIDRATANTE CORPORAL, 150 ml;Corpo e banho;52,99;;;80;sim;
Eudora;94969;MASCULINO;Outros;52,99;;;81;sim;
Eudora;96626;CREME ACETINADO DESODORANTE HIDRATANTE CORPORAL, 200 ml;Corpo e banho;99,99;84,90;;81;sim;
Eudora;91000;FEMININO MASCULINO;Outros;52,99;;;81;sim;
Eudora;56459;BODY SPRAY DESODORANTE, 100 ml;Perfumaria;47,99;;;82;sim;
Eudora;87938;CLUB 6 PRESTIGE EAU DE PARFUM, 95 ml;Perfumaria;184,90;;;83;não;
Eudora;50014;CLUB 6 BODY SPRAY DESODORANTE, 100 ml;Perfumaria;47,99;;;84;sim;
Eudora;49568;ESPUMA PARA BARBEAR, 200 ml (190 g);Barba;64,99;;;84;sim;
Eudora;90609;LOÇÃO DESODORANTE HIDRATANTE CORPORAL PRESTIGE, 150 ml;Corpo e banho;52,99;;;84;sim;
Eudora;49562;CLUB 6 BALM PÓS-BARBA, 75 g;Barba;59,99;;;84;sim;
Eudora;87299;CLUB 6 INTENSO R DESODORANTE E P COLÔNIA, 95 ml;Perfumaria;164,90;;;84;sim;sim
Eudora;50010;INTENTION BODY SPRAY DESODORANTE, 100 ml;Perfumaria;47,99;;;85;sim;
Eudora;53447;DESODORANTE ANTITRANSPIRANTE AEROSSOL, 125 ml (90 g);Desodorantes;38,99;;;86;sim;
Eudora;85321;ESPUMA PARA BARBEAR, 200 ml (190 g);Barba;57,99;;;86;sim;
Eudora;85899;INTENSE;Outros;94,90;;;87;não;sim
Eudora;53013;PULSE ACTION BALM PÓS-BARBA, 75 g;Barba;49,99;;;87;sim;
Eudora;47843;DESODORANTE ANTITRANSPIRANTE AEROSSOL, 150 ml (90 g);Desodorantes;38,99;;;88;sim;
Eudora;49584;LOÇÃO DESODORANTE HIDRATANTE CORPORAL IN BLACK, 200 ml;Corpo e banho;68,99;;;88;não;
Eudora;49570;GEL CREME PÓS-BARBA, 75 g;Barba;72,99;;;88;sim;
Eudora;49583;ESPUMA DE BARBEAR, 200 ml (190 g);Barba;77,99;;;88;sim;
Eudora;50012;VOLPE DESODORANTE BODY SPRAY, 100 ml;Perfumaria;47,99;;;88;sim;
Eudora;92219;VOLPE Ambarada BODY SPRAY DESODORANTE, 100 ml;Perfumaria;47,99;;;88;sim;
Eudora;94665;− Desodorante colônia, 95 ml − Desodorante antitranspirante aerossol, 125 ml (75 g) − Caixa de presente: 21 x 21 x 6 cm;Kits e presentes;193,89;159,90;;92;não;sim
Eudora;94669;− Eudora desodorante body spray, 100 ml − Eudora Lyra desodorante body spray, 100 ml − Caixa de presente: 21 x 21 x 6 cm;Kits e presentes;95,98;74,90;;96;não;sim
Eudora;94672;− Desodorante colônia spray corporal, 75 ml − Loção hidratante desodorante corporal, 75 ml − Caixa de presente: ,5 x 18,5 cm;Kits e presentes;61,98;49,90;;97;não;sim
Eudora;85706;SACOLA M NATAL, 19 23 cm;Outros;3,90;;;97;sim;
Eudora;85704;ENVELOPE P NATAL, 21,6 x 15 x 7,5 cm;Outros;4,90;;;97;não;sim
Eudora;85705;CAIXA M NATAL, 15,5 x 15,cm;Kits e presentes;14,99;;;97;não;sim
Eudora;53651;SACOLA P, 19 23 cm;Outros;3,60;;;98;não;
Eudora;53944;SACOLA M, 24 x 9,5 x 30 cm;Outros;3,90;;;98;não;sim
Eudora;53653;SACOLA G, 34,8 x 16 x 35 cm;Outros;6,80;;;98;não;sim
Eudora;53656;CAIXA G, 23,5 x 23,5 x 11,7 cm;Kits e presentes;17,60;;;98;não;sim
Eudora;53654;CAIXA P, 15,5 x 15,cm;Kits e presentes;8,70;;;98;não;sim
Eudora;53655;CAIXA M, 20 x 20 x 8,5 cm;Kits e presentes;9,90;;;98;não;
Eudora;53658;ENVELOPE M, 25,1 x 18 x 9 cm;Outros;6,90;;;98;não;sim
Eudora;53657;ENVELOPE P, 21,6 x 15 x 7,5 cm;Outros;4,90;;;98;não;sim
Eudora;53966;SACOLA ENVELOPE P, 21,6 x 15 x 7,5 cm;Outros;2,90;;;98;não;sim
Eudora;87767;BODY SPLASH DESODORANTE COLÔNIA, 200 ml;Perfumaria;74,99;;;99;não;
Eudora;87128;CREME HIDRATANTE DESODORANTE CORPORAL, 180 ml;Corpo e banho;39,99;;;99;sim;
Eudora;85285;ESFOLIANTE CORPORAL PERFUMADO, 180 g;Corpo e banho;44,99;;;99;não;
Eudora;85369;SABONETE EM BARRA, 4 unidades de 80 g;Corpo e banho;32,99;;;99;não;
Eudora;85306;SABONETE LÍQUIDO ÍNTIMO, 180 ml;Corpo e banho;44,99;;;99;sim;
Eudora;87126;CREME HIDRATANTE DESODORANTE CORPORAL, 400 ml;Corpo e banho;59,99;;;100;não;
Eudora;87257;SABONETE LÍQUIDO PERFUMADO, 400 ml;Corpo e banho;49,99;;;100;sim;
Eudora;86031;ANTITRANSPIRANTE ROLL-ON, 55 ml;Desodorantes;23,99;;;100;sim;
Eudora;86035;ANTITRANSPIRANTE DESODORANTE AEROSSOL, 150 ml (90 g);Desodorantes;34,99;;;100;sim;
Eudora;85316;CREME PARA MÃOS, 30 g;Corpo e banho;22,99;;;100;sim;
Eudora;87127;REFIL, 350 ml;Perfumaria;49,99;;;100;sim;
Eudora;94816;ÂMBAR PRECIOSO;Outros;59,99;;;101;não;
Eudora;95093;ÂMBAR PRECIOSO;Outros;74,99;;;101;sim;
Eudora;94820;SABONETE LÍQUIDO EM CALDA, 180 ml;Corpo e banho;44,99;;;101;sim;
Eudora;94821;CREME CONCENTRADO DESODORANTE ULTRAPERFUMADO, 150 ml;Corpo e banho;39,99;;;101;sim;
Eudora;94815;TÂMARA NEGRA ÂMBAR PRECIOSO;Outros;59,99;;;101;não;
Eudora;95094;TÂMARA NEGRA ÂMBAR PRECIOSO;Outros;74,99;;;101;sim;
Eudora;53196;ANTITRANSPIRANTE DESODORANTE AEROSSOL, 150 ml (90 g);Desodorantes;34,99;;;102;sim;
Eudora;86042;ANTITRANSPIRANTE EM CREME, 80 g;Desodorantes;26,99;24,90;;102;sim;
Eudora;85308;SABONETE EM BARRA, 4 unidades de 80 g;Corpo e banho;32,99;29,90;;102;sim;
Eudora;87259;SABONETE LÍQUIDO PERFUMADO, 400 ml;Corpo e banho;49,99;44,90;;102;sim;
Eudora;87132;REFIL, 350 ml;Perfumaria;49,99;37,90;;102;sim;
Eudora;87131;CREME DESODORANTE HIDRATANTE CORPORAL, 400 ml;Corpo e banho;59,99;44,90;;102;sim;
Eudora;94984;CREME HIDRATANTE DESODORANTE CORPORAL, 180 ml;Corpo e banho;39,99;28,90;;102;não;
Eudora;87765;D BODY SPLASH A DESODORANTE D COLÔNIA, 200 ml I;Perfumaria;74,99;64,90;;102;não;
Eudora;85317;CREME PARA MÃOS, 30 g;Corpo e banho;22,99;;;102;sim;
Eudora;86227;SABONETE LÍQUIDO PERFUMADO, 200 ml;Corpo e banho;39,99;;;103;sim;
Eudora;86226;CREME PARA MÃOS, 30 g;Corpo e banho;22,99;;;103;sim;
Eudora;87779;REFIL, 350 ml;Perfumaria;49,99;;;103;sim;
Eudora;86225;CREME HIDRATANTE DESODORANTE CORPORAL, 400 ml;Corpo e banho;59,99;;;103;não;
Eudora;89701;BODY SPLASH DESODORANTE COLÔNIA, 200 ml;Perfumaria;74,99;;;103;não;
Eudora;87136;REFIL, 350 ml;Perfumaria;49,99;;;104;sim;
Eudora;87137;CREME HIDRATANTE DESODORANTE CORPORAL, 180 ml;Corpo e banho;39,99;;;104;sim;
Eudora;87759;P BODY SPLASH R DESODORANTE O COLÔNIA, 200 ml C;Perfumaria;74,99;;;104;não;
Eudora;87256;SABONETE LÍQUIDO PERFUMADO, 400 ml;Corpo e banho;49,99;;;104;sim;
Eudora;86030;ANTITRANSPIRANTE EM CREME, 80 g;Desodorantes;26,99;;;104;sim;
Eudora;87135;CREME HIDRATANTE DESODORANTE CORPORAL, 400 ml;Corpo e banho;59,99;;;104;não;
Eudora;87253;CREME PARA MÃOS, 30 g;Corpo e banho;22,99;;;104;sim;
Eudora;95353;CREME HIDRATANTE DESODORANTE CORPORAL, 180 ml;Corpo e banho;39,99;;;105;sim;
Eudora;85395;SABONETE EM BARRA, 4 unidades de 80 g;Corpo e banho;32,99;;;105;sim;
Eudora;87766;BODY SPLASH DESODORANTE COLÔNIA, 200 ml;Perfumaria;74,99;62,90;;105;não;
Eudora;85955;SABONETE EM CALDA, 180 ml;Corpo e banho;44,99;;;105;sim;
Eudora;88065;SABONETES SORTIDOS EM BARRA, 4 unidades de 80 g;Outros;32,99;;;105;não;
Eudora;87175;REFIL, 350 ml;Perfumaria;49,99;;;105;sim;
Eudora;87155;CREME HIDRATANTE DESODORANTE CORPORAL, 400 ml;Corpo e banho;59,99;;;105;não;
Eudora;85396;CREME PARA MÃOS, 30 g;Corpo e banho;22,99;;;105;não;
Eudora;86501;BODY SPLASH DESODORANTE COLÔNIA, 200 ml;Perfumaria;74,99;;;106;não;
Eudora;85353;SABONETE EM BARRA, 4 unidades de 80 g;Corpo e banho;32,99;29,90;;106;sim;
Eudora;85315;CREME HIDRATANTE PARA MÃOS, 30 g;Corpo e banho;22,99;;;106;sim;
Eudora;85314;ÓLEO BIFÁSICO CORPORAL, 200 ml;Corpo e banho;69,99;59,90;;106;sim;
Eudora;87157;CREME DESODORANTE HIDRATANTE CORPORAL, 400 ml;Corpo e banho;59,99;;;106;não;
Eudora;87262;REFIL, 350 ml;Perfumaria;49,99;37,90;;106;sim;
Eudora;85318;CREME HIDRATANTE PARA MÃOS, 30 g;Corpo e banho;22,99;;;107;sim;
Eudora;85312;SABONETE EM BARRA, 4 unidades de 80 g;Corpo e banho;32,99;;;107;não;
Eudora;87145;CREME HIDRATANTE DESODORANTE CORPORAL, 180 ml;Corpo e banho;39,99;;;107;sim;
Eudora;85311;ÓLEO BIFÁSICO CORPORAL, 200 ml;Corpo e banho;69,99;;;107;não;
Eudora;87761;BODY SPLASH DESODORANTE COLÔNIA, 200 ml;Perfumaria;74,99;;;107;sim;
Eudora;85313;SABONETE EM BARRA, 4 unidades de 80 g;Corpo e banho;32,99;;;107;sim;
Eudora;87154;CREME HIDRATANTE DESODORANTE CORPORAL, 180 ml;Corpo e banho;37,99;;;107;sim;
Eudora;87153;REFIL, 350 ml;Perfumaria;49,99;;;107;sim;
Eudora;87152;CREME DESODORANTE HIDRATANTE CORPORAL, 400 ml;Corpo e banho;59,99;;;107;não;
Eudora;87174;REFIL, 350 ml;Perfumaria;49,99;;;107;não;
Eudora;87143;CREME DESODORANTE HIDRATANTE CORPORAL, 400 ml;Corpo e banho;59,99;;;107;não;
Eudora;86032;ALGODÃO & JASMIM;Outros;34,99;;;108;sim;
Eudora;47815;ANTITRANSPIRANTE DESODORANTE AEROSSOL, 150 ml (90 g);Desodorantes;34,99;;;108;sim;
Eudora;86038;ANTITRANSPIRANTE EM CREME, 80 g;Desodorantes;26,99;;;108;sim;
Eudora;86041;ANTITRANSPIRANTE ROLL-ON, 55 ml;Desodorantes;23,99;20,90;;108;sim;
Eudora;95619;MORANGO IRRESÍSTIVEL CREME DESODORANTE BODY SPLASH HIDRATANTE DESODORANTE CORPORAL, 400 ml COLÔNIA, 200 ml;Perfumaria;74,99;59,99;;108;sim;sim
Eudora;47818;SEM PERFUME ALGODÃO & JASMIM;Perfumaria;34,99;;;108;sim;
Eudora;52384;CEREJA E AMÊNDOAS MORANGO IRRESÍSTIVEL CREME DESODORANTE BODY SPLASH HIDRATANTE DESODORANTE CORPORAL, 400 ml COLÔNIA, 200 ml;Perfumaria;74,99;59,99;;108;sim;sim
Eudora;59065;REFIL ANTITRANSPIRANTE DESODORANTE AEROSSOL, 150 ml (90 g);Perfumaria;34,99;;;108;não;
Eudora;93062;HIDRATANTE DESODORANTE CORPORAL, 400 ml;Corpo e banho;67,99;52,90;;109;sim;
Eudora;47888;REFIL, 350 ml;Perfumaria;57,99;44,90;;109;não;
Eudora;93738;SÉRUM CONCENTRADO CORPORAL BOOSTER DE BIOCOLÁGENO 1 , 25 ml;Cuidados com o rosto;57,99;;;109;sim;
Eudora;93067;HIDRATANTE DESODORANTE CORPORAL, 400 ml;Corpo e banho;67,99;52,90;;109;sim;
Eudora;50406;REFIL, 350 ml o uso contínuo;Perfumaria;57,99;44,90;;109;não;
Eudora;93081;CREME HIDRATANTE MÃOS, 50 g;Corpo e banho;34,99;;;109;sim;
Eudora;93063;HIDRATANTE DESODORANTE CORPORAL, 400 ml;Corpo e banho;67,99;;;109;sim;
Eudora;47887;REFIL, 350 ml;Perfumaria;57,99;;;109;não;
Eudora;58404;HIDRATANTE DESODORANTE CORPORAL, 400 ml;Corpo e banho;67,99;;;110;sim;
Eudora;93065;HIDRATANTE O DESODORANTE D CORPORAL, 400 ml A;Corpo e banho;67,99;;;110;sim;
Eudora;51795;REFIL, 350 ml;Perfumaria;57,99;;;110;não;
Eudora;55630;DESODORANTE ANTITRANSPIRANTE ROLL-ON, 55 ml;Desodorantes;27,99;;;110;sim;
Eudora;93747;ÓLEO HIDRATANTE DESODORANTE CORPORAL, 200 ml;Corpo e banho;77,99;;;110;sim;
Eudora;58406;BALM TRIPLA AÇÃO INTENSIVA DESODORANTE CORPORAL, 100 g;Outros;52,99;;;110;sim;
Eudora;93749;CREME HIDRATANTE PARA COLO E PESCOÇO, 200 g;Corpo e banho;82,99;;;110;sim;
Eudora;47608;CREME ESFOLIANTE CORPORAL, 200 g;Corpo e banho;47,99;;;110;não;
Eudora;58405;GEL HIDRATANTE DE BANHO CORPORAL, 200 g;Corpo e banho;47,99;;;110;sim;
