nome;whatsapp;cidade;etiquetas
Adrieny Karla;(33) 98420-0711;;Consorcio G3 - 50,00 - Abril 2026 Janeiro 2027.
Alber Neto;(33) 98467-1709;Frei Inocêncio;Consorcio G5 - 50,00 - Junho 2026 a Abril de 2027
Aline Lourenço Duarte;(33) 99923-5164;Frei Inocêncio;Consorcio G2 - 25,00 Agosto 2025 Maio 2026
Anderson Prefeitura;;;
Christine Teles Araújo;(33) 98435-8850;Frei Inocêncio;Consorcio G5 - 50,00 - Junho 2026 a Abril de 2027
Cristiane Barbosa;(33) 98840-9770;Frei Inocêncio;Consorcio G2 - 25,00 Agosto 2025 Maio 2026
Delci;(33) 99996-4876;;Consorcio G3 - 50,00 - Abril 2026 Janeiro 2027.
Edilene Master;(33) 99172-5348;;Consorcio G3 - 50,00 - Abril 2026 Janeiro 2027.
ELIZETH FREIRE DORNELAS;(33) 8423-7807;Mathias Lobato;Consorcio G5 - 50,00 - Junho 2026 a Abril de 2027
ELLEM MARESSA DA SILVA COUTINHO;(33) 99706-0195;Frei Inocêncio;Consorcio G5 - 50,00 - Junho 2026 a Abril de 2027
Elton Lopes Pasos;(33) 98465-7007;Frei Inocêncio;Consorcio G5 - 50,00 - Junho 2026 a Abril de 2027
Francislayne Moura Da Silva;(33) 99115-8794;Governador Valadares;
GABRIELA MARTINS DE CASTRO;(33) 98402-8333;Frei Inocêncio;Consorcio G4 - 35,00 - Maio 2026 a Fevereiro 2027
Gabriella Duarte Martins;(85) 7390-7558;;
Gilsilene Ferreira Neto;(33) 98405-5210;Mathias Lobato;Consorcio G5 - 50,00 - Junho 2026 a Abril de 2027
Helia Sandra;;;
Ireni Alves Pinheiro Jardim;(33) 98438-8080;Mathias Lobato;Consorcio G1 - 35,00 - Julho 2025 a Abril 2026. | Consorcio G4 - 35,00 - Maio 2026 a Fevereiro 2027
Italo Alves Jardim;(33) 99855-6503;Frei Inocêncio;Consorcio G1 - 35,00 - Julho 2025 a Abril 2026.
Jackeline Teles;(33) 98444-6597;Frei Inocêncio;Consorcio G2 - 25,00 Agosto 2025 Maio 2026 | Consorcio G4 - 35,00 - Maio 2026 a Fevereiro 2027
Jessica Alves;(33) 98432-6176;;Consorcio G3 - 50,00 - Abril 2026 Janeiro 2027.
Jessica Mareco;(33) 9841-8024;Frei Inocêncio;Consorcio G2 - 25,00 Agosto 2025 Maio 2026
Joelma Monteiro de Oliveira;(33) 99939-1872;;Consorcio G1 - 35,00 - Julho 2025 a Abril 2026.
José Raimundo;;;
José Raimundo Jardim;(33) 99813-3212;Mathias Lobato;
Juliano Juscelia;(33) 98443-4533;;Consorcio G3 - 50,00 - Abril 2026 Janeiro 2027.
JUSCELIA ALMEIDA DE MATOS FERNANDES;(33) 99817-7165;Frei Inocêncio;Consorcio G1 - 35,00 - Julho 2025 a Abril 2026. | Consorcio G3 - 50,00 - Abril 2026 Janeiro 2027. | Consorcio G4 - 35,00 - Maio 2026 a Fevereiro 2027
Karen Cristina Alves Duarte Martins;(33) 99962-8147;;
LARISSA NASCIMENTO SILVA;(33) 98418-0272;Frei Inocêncio;Consorcio G1 - 35,00 - Julho 2025 a Abril 2026. | Consorcio G4 - 35,00 - Maio 2026 a Fevereiro 2027
Leia De Oliveira;(33) 99845-9189;;Consorcio G3 - 50,00 - Abril 2026 Janeiro 2027.
LUANA SABINO DOS SANTOS;(33) 98439-4699;Frei Inocêncio;Consorcio G4 - 35,00 - Maio 2026 a Fevereiro 2027
Luzia Juscelia;(33) 99112-4609;;Consorcio G3 - 50,00 - Abril 2026 Janeiro 2027.
Maiara Oliveira Leite;(33) 99826-9850;;Consorcio G1 - 35,00 - Julho 2025 a Abril 2026.
Marco Aurélio;(33) 98424-6445;;
MARCOS DE SOUZA FERREIRA;(33) 99803-5293;Frei Inocêncio;Consorcio G1 - 35,00 - Julho 2025 a Abril 2026. | Consorcio G4 - 35,00 - Maio 2026 a Fevereiro 2027
MARIA ANITA DUARTE SENA;(31) 99592-5468;Frei Inocêncio;Consorcio G1 - 35,00 - Julho 2025 a Abril 2026. | Consorcio G4 - 35,00 - Maio 2026 a Fevereiro 2027
Maria Aparecida (Cida Prefeitura);(33) 98434-4644;;
Marluany Cosme;(33) 99960-6310;Frei Inocêncio;
Mauro Gustavo;(33) 99812-0508;;
Milza Barbosa;(33) 99862-6618;;Consorcio G2 - 25,00 Agosto 2025 Maio 2026
Neuza Pereira;(33) 98409-1236;;Consorcio G2 - 25,00 Agosto 2025 Maio 2026 | Consorcio G4 - 35,00 - Maio 2026 a Fevereiro 2027
Nilma Garajau;(33) 98402-3735;;Consorcio G2 - 25,00 Agosto 2025 Maio 2026 | Consorcio G5 - 50,00 - Junho 2026 a Abril de 2027
Priscila de Souza Silva Peitieiros;(33) 98891-8084;Governador Valadares;Consorcio G5 - 50,00 - Junho 2026 a Abril de 2027
Rafael Cornelio;(33) 99823-4067;;Consorcio G3 - 50,00 - Abril 2026 Janeiro 2027.
Ramierlley Miranda;(33) 98418-4528;;Consorcio G2 - 25,00 Agosto 2025 Maio 2026
Regina Mattos Farias;(33) 98416-9162;Frei Inocêncio;Consorcio G5 - 50,00 - Junho 2026 a Abril de 2027
Rosania Pinheiro;(33) 98429-8837;;
Samile;(33) 99802-5604;;Consorcio G3 - 50,00 - Abril 2026 Janeiro 2027.
SILVANA APARECIDA DUARTE;(33) 98406-9220;Frei Inocêncio;Consorcio G1 - 35,00 - Julho 2025 a Abril 2026. | Consorcio G4 - 35,00 - Maio 2026 a Fevereiro 2027
Simony Souza Santos;(33) 98404-5200;Frei Inocêncio;Consorcio G2 - 25,00 Agosto 2025 Maio 2026 | Consorcio G5 - 50,00 - Junho 2026 a Abril de 2027
Tia Leninha;;;
Valdivino Aguiar;;;
Virlene Lucia;(33) 98455-3782;;Consorcio G2 - 25,00 Agosto 2025 Maio 2026
WAGNER RODRIGUES DE SOUZA;(33) 98400-2932;Mathias Lobato;Consorcio G1 - 35,00 - Julho 2025 a Abril 2026.
