pedido;data;marcas;total;frete;forma;parcela;valor;vencimento;situacao;itens;pagoem
532613069;21/09/2026;Eudora + O Boticário;221,59;0,00;Pix;1/3;73,87;23/10/2026;a pagar;Body Spray Desodorante Eudora Absolu 100ml=1=35,99|Desodorante Body Spray Diva Esplêndida 100ml=1=35,99|Desodorante Body Spray La Victorie Intense 100ml=1=35,99|Desodorante Body Spray Imensi 100ml=1=31,42|Antitranspirante em Creme Cuide-se Bem Rosa e Algodão 80g + demais itens (lista cortada no print)=1=82,20;
532613069;21/09/2026;Eudora + O Boticário;221,59;0,00;Pix;2/3;73,86;22/11/2026;a pagar;;
532613069;21/09/2026;Eudora + O Boticário;221,59;0,00;Pix;3/3;73,86;22/12/2026;a pagar;;
531111339;13/09/2026;Eudora + O Boticário;251,04;0,00;Pix;1/3;83,68;14/10/2026;a pagar;Club 6 Desodorante Colônia 95ml=1=74,92|Sacola de Presente O Boticário Tamanho M=2=1,87|Floratta Blue Crystal Desodorante Colônia 75ml=1=127,42|Creme Hidratante Depilatório Corporal Cuide-se Bem Doçura na Pessegura 150ml=1=44,96;
531111339;13/09/2026;Eudora + O Boticário;251,04;0,00;Pix;2/3;83,68;13/11/2026;a pagar;;
531111339;13/09/2026;Eudora + O Boticário;251,04;0,00;Pix;3/3;83,68;14/12/2026;a pagar;;
531019386;11/09/2026;O Boticário;454,61;0,00;Pix;1/3;151,54;14/10/2026;a pagar;Comb Nspa Ameixa Intensa=1=127,37|Esfoliante Corporal Nativa Spa Ameixa Intensa 180g=1=55,92|Combo Nativa Spa Ameixa Intensa 02=1=136,81|Kit Body Spray L'eau de Lily Blanche 100ml (2 unidades)=1=67,45|Loção Desodorante Hidratante Corporal Cuide-se Bem Deleite 400ml + demais itens (lista cortada no print)=1=67,06;
531019386;11/09/2026;O Boticário;454,61;0,00;Pix;2/3;151,54;13/11/2026;a pagar;;
531019386;11/09/2026;O Boticário;454,61;0,00;Pix;3/3;151,53;14/12/2026;a pagar;;
530952746;11/09/2026;Eudora + O Boticário;210,91;0,00;Pix;1/3;70,31;14/10/2026;a pagar;Malbec Desodorante Colônia 100ml=1=148,67|Óleo Nutritivo Siàge Nutri Diamond 60ml=1=62,24;
530952746;11/09/2026;Eudora + O Boticário;210,91;0,00;Pix;2/3;70,30;13/11/2026;a pagar;;
530952746;11/09/2026;Eudora + O Boticário;210,91;0,00;Pix;3/3;70,30;14/12/2026;a pagar;;
530828139;10/09/2026;O Boticário + Eudora;221,72;0,00;Pix;1/3;73,91;13/10/2026;a pagar;Accordes Desodorante Colônia 80ml=1=158,44|Combo Siàge Nutri Rose - Shampoo=1=63,28;
530828139;10/09/2026;O Boticário + Eudora;221,72;0,00;Pix;2/3;73,91;12/11/2026;a pagar;;
530828139;10/09/2026;O Boticário + Eudora;221,72;0,00;Pix;3/3;73,90;14/12/2026;a pagar;;
530477493;08/09/2026;Eudora + O Boticário;241,45;0,00;Pix;1/3;80,49;13/10/2026;a pagar;Club 6 Prestige Eau de Parfum 95ml=1=147,92|Body Spray Desodorante Eudora Absolu 100ml=1=38,39|Micelar Milk Leite de Limpeza Niina Secrets Skin 250ml=1=33,14|Hidratante Matificante Antioleosidade Niina Skin 40g=1=22,00;
530477493;08/09/2026;Eudora + O Boticário;241,45;0,00;Pix;2/3;80,48;12/11/2026;a pagar;;
530477493;08/09/2026;Eudora + O Boticário;241,45;0,00;Pix;3/3;80,48;14/12/2026;a pagar;;
894612921;06/09/2026;Natura + Avon;613,17;45,88;Boleto;1/3;204,39;11/10/2026;a pagar;Humor desodorante colônia Envolve para Todos 75ml=1=125,32|Ilía desodorante parfum Ilía Jardim Secreto feminino 50ml=1=113,92|Refil shampoo cachos e crespos=1=21,20|Gelatina cachos e crespos 240g=1=30,32|Homem desodorante parfum Evolução 100ml + demais itens (lista cortada no print)=1=276,53;
894612921;06/09/2026;Natura + Avon;613,17;45,88;Boleto;2/3;204,39;10/11/2026;a pagar;;
894612921;06/09/2026;Natura + Avon;613,17;45,88;Boleto;3/3;204,39;09/12/2026;a pagar;;
530749902;11/09/2026;O Boticário;433,26;0,00;Pix;1/3;144,41;14/10/2026;conferir;;
530749902;11/09/2026;O Boticário;433,26;0,00;Pix;2/3;144,41;14/11/2026;conferir;;
530749902;11/09/2026;O Boticário;433,26;0,00;Pix;3/3;144,44;14/12/2026;conferir;;
526089876;14/08/2026;O Boticário;216,66;0,00;Pix;1/3;72,22;16/09/2026;conferir;;
526089876;14/08/2026;O Boticário;216,66;0,00;Pix;2/3;72,22;16/10/2026;conferir;;
526089876;14/08/2026;O Boticário;216,66;0,00;Pix;3/3;72,22;16/11/2026;conferir;;
524295763;05/08/2026;O Boticário + Eudora;904,17;0,00;Pix;1/3;301,39;07/09/2026;conferir;;
524295763;05/08/2026;O Boticário + Eudora;904,17;0,00;Pix;2/3;301,39;07/10/2026;conferir;;
524295763;05/08/2026;O Boticário + Eudora;904,17;0,00;Pix;3/3;301,39;07/11/2026;conferir;;
524403729;05/08/2026;O Boticário;200,52;0,00;Pix;1/3;66,84;07/09/2026;pago;;02/09/2026
524403729;05/08/2026;O Boticário;200,52;0,00;Pix;2/3;66,84;06/10/2026;a pagar;;
524403729;05/08/2026;O Boticário;200,52;0,00;Pix;3/3;66,84;08/11/2026;a pagar;;
520172049;10/07/2026;O Boticário;213,96;0,00;Pix;1/3;71,32;13/08/2026;pago;;04/08/2026
520172049;10/07/2026;O Boticário;213,96;0,00;Pix;2/3;71,32;14/09/2026;pago;;15/09/2026
520172049;10/07/2026;O Boticário;213,96;0,00;Pix;3/3;71,32;13/10/2026;a pagar;;
519903051;08/07/2026;O Boticário;866,26;0,00;Pix;1/3;288,76;10/08/2026;pago;;04/08/2026
519903051;08/07/2026;O Boticário;866,26;0,00;Pix;2/3;288,75;09/09/2026;pago;;02/09/2026
519903051;08/07/2026;O Boticário;866,26;0,00;Pix;3/3;288,75;08/10/2026;a pagar;;
519498463;07/07/2026;Eudora + O Boticário;326,26;0,00;Pix;1/3;108,76;10/08/2026;pago;;04/08/2026
519498463;07/07/2026;Eudora + O Boticário;326,26;0,00;Pix;2/3;108,75;09/09/2026;pago;;02/09/2026
519498463;07/07/2026;Eudora + O Boticário;326,26;0,00;Pix;3/3;108,75;08/10/2026;a pagar;;
489275748;06/01/2026;O Boticário;598,95;0,00;Pix;1/3;199,65;08/02/2026;pago;;
489275748;06/01/2026;O Boticário;598,95;0,00;Pix;2/3;199,65;08/03/2026;pago;;
489275748;06/01/2026;O Boticário;598,95;0,00;Pix;3/3;199,65;08/04/2026;pago;;
516115098;16/06/2026;O Boticário;270,76;0,00;;1/1;270,76;16/06/2026;pago;;
515735918;15/06/2026;O Boticário;427,00;0,00;;1/1;427,00;15/06/2026;pago;;
869589667;11/06/2026;Natura;405,28;0,00;;1/1;405,28;11/06/2026;pago;;
515059682;10/06/2026;O Boticário;205,58;0,00;;1/1;205,58;10/06/2026;pago;;
514698749;10/06/2026;O Boticário;428,10;0,00;;1/1;428,10;10/06/2026;pago;;
512473666;28/05/2026;O Boticário;318,48;0,00;;1/1;318,48;28/05/2026;pago;;
863907804;23/05/2026;Natura;318,70;0,00;;1/1;318,70;23/05/2026;pago;;
510255547;13/05/2026;O Boticário;218,42;0,00;;1/1;218,42;13/05/2026;pago;;
509247163;08/05/2026;O Boticário;435,86;0,00;;1/1;435,86;08/05/2026;pago;;
858897892;05/05/2026;Natura;279,56;0,00;;1/1;279,56;05/05/2026;pago;;
508304884;04/05/2026;O Boticário;227,60;0,00;;1/1;227,60;04/05/2026;pago;;
505080493;14/04/2026;O Boticário;404,51;0,00;;1/1;404,51;14/04/2026;pago;;
503214854;03/04/2026;O Boticário;298,98;0,00;;1/1;298,98;03/04/2026;pago;;
852492848;02/04/2026;Natura;722,27;0,00;;1/1;722,27;02/04/2026;pago;;
123;11/03/2026;Avon;91,11;0,00;;1/1;91,11;11/03/2026;pago;;
499358192;11/03/2026;O Boticário;328,00;0,00;;1/1;328,00;11/03/2026;pago;;
498754067;07/03/2026;O Boticário;287,40;0,00;;1/1;287,40;07/03/2026;pago;;
498664048;07/03/2026;O Boticário;477,87;0,00;;1/1;477,87;07/03/2026;pago;;
496686842;24/02/2026;O Boticário;212,31;0,00;;1/1;212,31;24/02/2026;pago;;
493477681;02/02/2026;O Boticário;430,41;0,00;;1/1;430,41;02/02/2026;pago;;
491023849;17/01/2026;O Boticário;101,78;0,00;;1/1;101,78;17/01/2026;pago;;
885620719;05/08/2026;Natura;553,61;0,00;Boleto;1/3;184,54;07/09/2026;pago;;02/09/2026
885620719;05/08/2026;Natura;553,61;0,00;Boleto;2/3;184,54;06/10/2026;a pagar;;
885620719;05/08/2026;Natura;553,61;0,00;Boleto;3/3;184,53;06/11/2026;a pagar;;
523994263;03/08/2026;O Boticário;345,19;0,00;Pix;1/3;115,07;08/09/2026;pago;;02/09/2026
523994263;03/08/2026;O Boticário;345,19;0,00;Pix;2/3;115,06;07/10/2026;a pagar;;
523994263;03/08/2026;O Boticário;345,19;0,00;Pix;3/3;115,06;09/11/2026;a pagar;;
