nome;marca;codigo_revista;categoria;preco;preco_promocional;quantidade;custo;foto
300 Km/h Deo Colônia Max Turbo;Avon;135849;Perfumaria;75,00;67,50;1;;
Antitranspirante em Creme Cuide-se Bem Rosa e Algodão 80g;O Boticário;51164;Desodorantes;34,90;;2;;catalogo-img/o-boticario/51164.jpg
Batom matte - red square;Natura;93029;Maquiagem;25,00;21,25;1;;
Combo Siàge Nutri Rose - Shampoo;Eudora;99269;Cabelos;84,37;;1;63,28;
Creme Perfumado Hidratante Desodorante Corporal Nativa Spa Ameixa Intensa 180ml;O Boticário;95798;Corpo e banho;64,90;;1;;catalogo-img/o-boticario/95798.jpg
Delineador Retrátil para Olhos Zodíaco Vibes de Fogo;Avon;161425;Maquiagem;18,00;15,30;1;;
Desodorante colônia Kaiak Extremo masculino - 100 ml;Natura;249685;Perfumaria;180,00;162,00;1;;
Desodorante colônia Meu Primeiro Humor feminino - 75 ml;Natura;86723;Perfumaria;164,90;;1;;
Erva Doce Sabonete em Barra Sortidos 4x90g - 90 g;Natura;34089;Corpo e banho;31,90;;1;;
Floratta Blue Crystal Desodorante Colônia 75ml;O Boticário;84974;Perfumaria;149,90;;1;127,42;catalogo-img/o-boticario/84974.jpg
Lápis para Olhos Preto Faces - 1,3 g;Natura;177718;Maquiagem;19,90;;1;;
Lápis Preto Pretito para Olhos Pop 1,1g;O Boticário;59358;Maquiagem;;;1;;
Liz D'Essence Desodorante Colônia 100ml;O Boticário;88895;Perfumaria;179,90;152,92;2;;catalogo-img/o-boticario/88895.jpg
Luvas de Silicone Creme Protetor para as Mãos Original;Avon;161063;Corpo e banho;17,99;15,29;1;;
Óleo Nutritivo Siàge Nutri Diamond 60ml;Eudora;94401;Cabelos;84,99;;1;62,24;catalogo-img/eudora/94401.jpg
Refil creme desodorante nutritivo para o corpo morango e baunilha dourada;Natura;206230;Corpo e banho;58,90;50,07;1;;
Refil máscara concentrada cronocapilar nutre - 250 ml;Natura;154863;Cabelos;37,50;;1;;
Sabonete em barra esfoliante energizante flor de gengibre e tangerina - caixa com 2 unidades de 90 g cada;Natura;152301;Corpo e banho;20,90;;1;;
Sacola de Presente O Boticário Tamanho M;O Boticário;90822;Acessórios;2,20;;2;1,87;
Sacola O Boticário Tamanho PP;O Boticário;90819;Acessórios;1,00;;6;;
Sérum Capilar Siàge Hot Therapy Cauterização dos Fios 60ml;Eudora;53434;Cabelos;67,99;57,79;1;;
Tododia Sabonete em Barra Creme Macadâmia 5x90g - 90 g;Natura;2829;Corpo e banho;33,90;;1;;
Tododia Refil Condicionador Cachos 280ml - 280 ml;Natura;173586;Cabelos;29,90;;1;;
